_title_norm,title,num_editions,edition_list
2.5 g:mobile networks: gprs and edge,2.5 G:Mobile Networks: GPRS and EDGE,2,['1st ed.' '']
2008+ solved problems in electromagnetics,2008+ Solved Problems in Electromagnetics,2,['1st ed.' '']
8088 and 8086 microprocessers:---applications,8088 and 8086 microprocessers:---applications,2,['1st' '']
a course in electrical and ----- instrumentation,A Course in Electrical and ----- Instrumentation,3,['17th' '1st ed.' '17th.']
a course in electrical and instrumentation,A Course in Electrical and Instrumentation,2,['1st' '1st ed.']
a course in electrical machine design,A Course in Electrical Machine Design,2,['1st ed.' '5th']
a course in power plant engineering,A Course in Power Plant Engineering,2,['4th' '5th rev.']
a text book of electrical technology,A Text Book of Electrical Technology,2,['23rd rev' '1st']
a text book of engineering mathematics,A Text Book of Engineering Mathematics,2,['6th' '7th']
a text book of engineering physics,A Text Book of Engineering Physics,2,['5th rep' '6th rev.']
a text book of machine design,A Text Book of Machine Design,2,['1st rep.' '14th rev']
a text book of welding technology,A Text Book of Welding Technology,2,['1st ed.' 'rep.']
a text-book of organic chemistry,A Text-Book of Organic Chemistry,2,['1st ed.' '']
a textbook of engineering mathematics,A textbook of engineering mathematics,2,['7th ed.' '7th']
a textbook of plant ecology,A textbook of plant ecology,2,['4th' '4th ed']
a vhdl primer,A VHDL Primer,3,['3rd' '3rd. rep' '3rd ed.']
accounting :theory and practice,Accounting :Theory and Practice,2,['6th' '']
adptive filter theory,Adptive Filter Theory,2,['1st ed.' '']
advanced accountancy,Advanced Accountancy,3,['8ed.' '8th' '1st']
advanced computer architecture,Advanced Computer Architecture,4,['1st ed.' '' '1st' '10th']
advanced differential equations,Advanced differential equations,2,['1st ed.' '8th.rev.']
advanced digital systems,Advanced Digital Systems,2,['1st ed.' '']
advanced engineering mathematics,Advanced Engineering Mathematics,5,['2nd' '8th' '1st' '3rd' '3 ed.']
advanced microprocessors & peripherals,Advanced Microprocessors & Peripherals,2,['1st' '2nd']
advanced organic chemistry,Advanced Organic Chemistry,2,['1st rep' '']
advances in information optics & photonics,Advances in Information Optics & Photonics,2,['1st ed.' '']
advnaced electronic communication systems,Advnaced Electronic Communication Systems,2,['1st' '6th']
agni purana,Agni Purana,2,['3rd' '']
air pollution,Air Pollution,2,['1st ed.' '']
algebra,Algebra,2,['1st' '1st ed.']
an engineering approach to computer networking,An Engineering Approach to Computer Networking,3,['6th rep.' '1st' '1st ed.']
an engineering approach to digital design,An Engineering Approach to Digital Design,2,['12th pri.' '1st ed.']
an integrated approach to software engineering,An Integrated Approach to Software Engineering,4,['2nd' '1st' '3rd' '1st ed.']
an introduction to database system,An Introduction to Database System,2,['1st rep' '1st ed.']
an introduction to database systems,An Introduction to Database Systems,2,['7th' '8th']
an introduction to fiber optics,An Introduction to Fiber Optics,2,['3rd pri.' '1st']
an introduction to fuzzy control,An Introduction to Fuzzy Control,3,['1st' '1st ed.' '']
an introduction to genetic algorithms,An Introduction to Genetic Algorithms,2,['1st' '1st ed.']
an introduction to java programming,An Introduction to Java Programming,2,['4th. rep.' '1st']
an introduction to neural network,An Introduction to Neural Network,3,['1st' '1st ed.' '']
analog & digital communication,Analog & Digital Communication,3,['isr' '1st' '2nd']
analog & digital communication 3rd,Analog & Digital Communication 3rd,2,['3rd ed.' '3nd ed.']
analog and digital communication systems,Analog and Digital Communication Systems,2,['3rd' '5th']
analog and digital signal processing,Analog and Digital Signal Processing,2,['1st ed.' '']
analog integrated circuit design,Analog Integrated Circuit Design,3,['1st ed.' 'rep.' '']
antennas,Antennas,3,['7th' '2nd' '3rd']
antennas and wave propagation,Antennas and Wave Propagation,3,['4th ed.' '4' '1st ed.']
apllied numerical analysis,Apllied numerical analysis,2,['1st' '']
applied electromagnetic theory: analyses problems & application,Applied Electromagnetic Theory: Analyses problems & application,2,['1st ed.' '']
applied electromagnetic theory: analysis problems & application,Applied Electromagnetic Theory: Analysis problems & application,2,['1st ed.' '']
applied numerical analysis,Applied numerical analysis,4,['5th ed.' '6th' '1st' '7th']
applied physics,Applied Physics,2,['1st' '1st ed.']
artificial intelligence,Artificial Intelligence,5,['2nd' '3rd' '1st' '1st ed.' '2nd ed.']
artificial intelligence :a modern approach,Artificial Intelligence :A Modern Approach,2,['1st ed.' '']
artificial intelligence: a modern approach,Artificial Intelligence: A modern Approach,2,"['2nd' '2nd ,rev.']"
asp. net 2.0,ASP. Net 2.0,2,['1st ed.' '1st']
automatic control systems,Automatic Control Systems,2,['7th' '1st']
automation production sys. and comp. inte. manu,Automation Production Sys. and Comp. Inte. Manu,4,['1st ed.' '14th' '2nd' '7th']
automobile engineering,Automobile engineering,10,['1st' '' '8th' '2nd' '10th' '7th' '5th ed' '7 ed' '2nd ed.' '1st ed.']
automobile engineering vol.1,Automobile Engineering Vol.1,4,['1st ed.' '' '10th' '12th ed.']
automobile engineering vol.2,Automobile Engineering Vol.2,2,['10th' '10 ed']
automobile mechanics,Automobile Mechanics,3,['8th ed' '8th' '1st ed.']
automotive electrical equipment,Automotive Electrical Equipment,2,['1st ed.' '']
automotive handbook,Automotive Handbook,2,['7th' '8th']
automotive mechanics,Automotive mechanics,5,['1st' '9th' '10th' '2nd' '10th.']
automotive technology,Automotive technology,3,['1st' '1st ed.' '']
avhdl primer,AVHDL Primer,2,['2nd' '2nd ed.']
b.sc. practical physics,B.Sc. Practical Physics,2,['19th ed.' '']
basic automobile engineering,Basic Automobile Engineering,2,['7th ed' '7th']
basic business communication,Basic Business Communication,3,['9th' '1st' '3 rep.']
basic electric circuit  analysis,Basic Electric Circuit  Analysis,2,['1st ed.' '']
basic electrical and electronics engineering,Basic Electrical and Electronics Engineering,2,['vol. 2' '1st ed.']
basic electrical engineering,Basic electrical engineering,8,['1st ed.' '1st' '2nd' '' '3rd ed.' '7th rev.' '2nd ed.' '1st rev. ed.']
basic electronics,Basic Electronics,3,['10th ed.' '1st ed.' '2nd ed.']
basic electronics and linear circuits,Basic Electronics and Linear Circuits,2,['38th rep' '1st']
basic mechanical engineering,Basic mechanical Engineering,3,['4th rep.' '4th ed.' '1st ed.']
basic of mechanical engineering9788189866204,Basic of Mechanical Engineering9788189866204,2,['1st ed.' '']
basic shop practicals in electrical engineering,Basic Shop Practicals in Electrical Engineering,3,['1st' '' '9th']
basic vlsi design,Basic VLSI Design,2,['3rd' '3rd ed.']
bhavishya purana,Bhavishya Purana,2,['3rd' '']
bioinstrumentation,Bioinstrumentation,2,['1st ed.' '']
biomedical instrumentation and measurements,Biomedical instrumentation and measurements,2,['2nd' '1st ed.']
biotechnology,Biotechnology,2,['3rd' '1st']
boundary layer theory,Boundary Layer Theory,3,['8th rev. ed.' '1st ed.' '']
brahma purana,Brahma Purana,2,['3rd' '']
brahmanda purana,Brahmanda Purana,2,['3rd' '']
brahmavaivasta purana,Brahmavaivasta Purana,2,['3rd' '']
building construction,Building Construction,5,['1st ed.' '' '25th' 'rep.' '14th ed.']
business communication,Business Communication,6,['1st' '17th' '' '27th ed.' '4th' '2nd ed.']
business communication9789351342960,Business Communication9789351342960,2,['1st ed.' '']
business correspondence & report writing,Business Correspondence & Report Writing,3,['1st' '3rd ed.' '1st ed.']
business correspondence and report writing,Business Correspondence and Report Writing,4,['2nd' '2nd ed.' '3rd' '1st ed.']
business driven technology,Business Driven Technology,2,['1st' '']
business environment,Business Environment,2,['18 rev.' '']
business ethics: an indian perspective,Business Ethics: an Indian perspective,2,['2nd ed.' '1st ed.']
business mathematics,Business Mathematics,3,['1st' '1st ed.' '11th ed.']
business statistics,Business Statistics,3,['rep.' '' '5th ed.']
c++ faqs,C++ FAQs,4,['2nd ed.' '1st ed.' '' '2nd']
c++ primer,C++ Primer,3,['3rd ed.' '' '3rd']
c++ programming language,C++ Programming language,2,['3rd' '']
cad/cam ...theory and practice,CAD/CAM ...Theory and practice,2,['1st ed.' '2nd ed.']
cad/cam ; computer aided design & manufacturing,CAD/CAM ; Computer Aided Design & Manufacturing,2,['1st ed.' '']
calculus,Calculus,2,['7th' '11th']
calculus and analytic geometry,Calculus and Analytic Geometry,2,['9th' '1st ed.']
cambridge ielts. 2: examination papers from the university of cambridge local examination syndicate,Cambridge IELTS. 2: Examination papers from the university of cambridge local examination syndicate,2,['7th' '2nd ed.']
cdma 2000 system for mobile communication,CDMA 2000 System for Mobile Communication,2,['1st ed.' '']
cgi programming with perl,Cgi Programming with Perl,2,['1st' '2nd ed.']
chemical process control,Chemical Process Control,3,['1st' '1st ed.' '']
chemical process control: an introd.to theo.& prac,Chemical Process Control: An Introd.to Theo.& Prac,3,['12th rep.' '12th' 'rep.']
chemistery for engineerings,Chemistery for Engineerings,2,['2nd' '2nd ed.']
chemistry in engineering and technology,Chemistry in Engineering and Technology,2,['1st ed.' '']
circuit design with vhdl,Circuit Design with VHDL,2,['1st ed.' '']
circuits,Circuits,2,['1st ed.' '']
circuits and networks..synthesis,Circuits and Networks..Synthesis,2,['1st' '']
circuits and systems,Circuits and Systems,2,['1st' '1st ed.']
classical electrodynamics,Classical electrodynamics,2,['1st ed.' '']
classical mechanics,Classical Mechanics,3,['1st ed.' '' '3rd ed.']
cmos analog circuit design,CMOS Analog Circuit Design,2,['2nd' '1st. ed.']
cmos digital integrated circuits analysis & design,CMOS Digital Integrated Circuits Analysis & Design,2,['3rd' '3rd ed.']
cmos: circuit design layout &simulation,CMOS: Circuit Design Layout &Simulation,2,['1st ed.' '']
"cmos:circuits design,layout and simulation","CMOS:Circuits Design,Layout and Simulation",2,['2nd.pri.' '2nd.']
cnc programming,CNC Programming,2,['6th' '9th ed.']
code of practice for concrete structure for the storage of liquids: part iv,Code of Practice for Concrete Structure for the Storage of Liquids: Part IV,2,['1st ed.' '']
"code of practice for concrete structure for the storage of liquids: part-3, prestressed concrete structures","Code of Practice for Concrete Structure for the Storage of Liquids: Part-3, Prestressed Concrete Structures",2,['1st ed.' '']
colour television theory & practice,Colour Television Theory & Practice,2,['1st ed.' '']
colour television: theory & practice,Colour Television: Theory & Practice,2,['1st' '']
com/dcom,COM/DCOM,2,['1st ed.' '']
common  errors  in english,Common  Errors  in English,2,['24th ed' '1st ed.']
common errors in english,Common Errors in English,4,['1st' '1st ed.' '24th ed' '']
communication networks,Communication Networks,4,['11th pri.' '2' '2nd' '1st ed.']
communication systems,Communication Systems,6,['1st' '' '14th rep.' '4th' '2nd ed.' '1st ed.']
communication systems engineering,Communication Systems Engineering,2,"['2nd' ',, ,,']"
communication techniques & skills,Communication techniques & skills,2,['1st' '8 rev']
compiler design,Compiler Design,2,['1st ed.' '']
"compilers : principles, techniques and tools","Compilers : Principles, Techniques and Tools",2,['5th rep.' '5th ed.']
complete book of intelligence tests,Complete Book of Intelligence Tests,2,['1st ed.' '']
complete java 2 certification : study guide,Complete Java 2 Certification : Study Guide,2,['1st' '2nd']
complete reference in c++,Complete Reference in C++,2,['1st' '4th']
complex analysis,Complex Analysis,2,['1st' '3rd ed.']
complex variables and applications,Complex Variables and Applications,2,['6th' '8th ed.']
complex variables: theory & problems,Complex Variables: Theory & Problems,2,['1st ed.' '2nd ed.']
computer architecture & organisation,Computer Architecture & Organisation,2,['1st' '3rd ed.']
computer based industrial control,Computer Based Industrial Control,2,['4th' '1st']
computer control of processes,Computer Control of Processes,3,['1st' '1st ed.' '']
computer fundamentals,Computer Fundamentals,5,['2nd ed.' '' '1st' '3rd' '1st ed.']
computer graphics,Computer Graphics,3,['2nd ed.' '2nd rep ed.' '2nd']
computer graphics : principles and practice,Computer Graphics : Principles and Practice,4,['2nd ed.' '' '6th rep' '6th pri.']
computer graphics and design,Computer Graphics and Design,2,['1st' '1st ed.']
computer networking,Computer Networking,2,['1st' '2nd']
computer networks,Computer Networks,8,['3rd ed.' '' '3rd' '10th' '5th' '4th' '2nd' '1st ed.']
computer organisation & architecture,Computer Organisation & Architecture,2,['1st' '7th']
computer organisation and design,Computer Organisation and Design,2,['2nd' '1st']
computer organization,Computer Organization,2,['1st ed.' '5th']
computer organization & design,Computer Organization & Design,2,['3rd' '1st']
computer oriented numerical methods,Computer oriented numerical methods,3,['3rd' '' '1st ed.']
computer science question bank bible,Computer Science Question Bank Bible,2,['1st ed.' '']
computer system architecture,Computer system architecture,5,['3rd ed.' '' '1st ed.' '3rd' '13th pri.']
computer vision:modern approach,Computer Vision:Modern Approach,2,['1st ed.' '']
computers today,Computers today,2,['1st ed.' '']
concepts of modern physics,Concepts of Modern Physics,2,['6th' '1st ed.']
concise inorganic chemistry,Concise Inorganic Chemistry,2,['5th' '']
concrete manual,Concrete Manual,3,['4th rep.' '1st' '']
"concrete structures for storage of liquids:code of practice: part 1, general requirements","Concrete Structures for Storage of Liquids:Code of Practice: Part 1, General Requirements",2,['1st ed.' '']
"concrete structures for storage of liquids:code of practice: part 2, reinforced concrete structure","Concrete Structures for Storage of Liquids:Code of Practice: Part 2, Reinforced Concrete Structure",2,['1st ed.' '']
concrete technology,Concrete Technology,3,['3rd ed.' '1st ed.' '']
construction equipment & job planning,Construction Equipment & Job Planning,2,['1st ed.' '']
construction project management: planning scheduling & controlling,Construction Project Management: Planning Scheduling & Controlling,2,['1st ed.' '']
contemporary linear systems using matlab,Contemporary Linear Systems Using MATLAB,2,['1st ed.' '']
control of electrical drives,Control of Electrical Drives,2,['3rd ed.' '']
control system engineering,Control System Engineering,3,['3rd rep' '4th' '5th']
control systems,Control Systems,3,['3rd' '1st' '3rd ed.']
conventional & obj. type quest.& ans.on mech.eng.,Conventional & Obj. Type Quest.& Ans.on Mech.Eng.,3,['1st rep.' '23rd' '23rd ed.']
course in docks and harbor engineering,Course in Docks and Harbor Engineering,2,['1st ed.' '']
course in electrical circuit analysis,Course in Electrical Circuit Analysis,2,['1st' '']
cryptography & network security,Cryptography & Network Security,2,['4th ed.' '4th']
cryptography and network security,Cryptography and Network Security,4,['4th' '4th ed.' '2nd ed.' '1st ed.']
data and computer communications,Data and Computer Communications,3,['5th' '7th' '8th']
data communication and networking,Data Communication and Networking,4,['1st' '3rd' '4th' '1st ed.']
data communications & computer networks,Data Communications & Computer Networks,3,['7th pri.' '1st' '2nd ed.']
data communications & networking,Data Communications & Networking,2,['1st ed.' '1st']
data communications and networking,Data Communications and Networking,2,['3ed.' '3rd']
data mining,Data Mining,4,['1st ed.' '10th' '1st' '10th rep.']
data mining techniques,Data Mining Techniques,2,['2nd rep.' '4th rep.']
data mining: concepts & techniques,Data Mining: concepts & techniques,2,['2nd' '2nd ed.']
data mining: concepts and techniques,Data mining: concepts and techniques,2,['2nd' '2nd ed.']
data mining: introductory & advanced topic,Data Mining: Introductory & Advanced Topic,2,['1st ed.' '']
data structures,Data Structures,2,['19th rep.' '1st ed.']
data structures and algorithms,Data structures and algorithms,5,['2nd ed.' '' '9th rep.' '6th rev ed' '1st ed.']
data structures and algorithms made easy in java,Data structures and algorithms made easy in Java,2,['1st ed.' '']
data structures using c,Data structures using C,2,['1st ed.' '7th ed.']
data warehousing in the real world,Data Warehousing in the Real World,2,['13th rep.' '3rd rep.']
database management system,Database management system,2,['1st ed.' '1st']
database management system & design,Database Management System & Design,2,['1st' '2nd']
database management systems,Database Management Systems,5,['13th rep.' '1st' '16th rep.' '3rd ed.' '3rd']
database system concept,Database System Concept,3,['1st' '5th' '5th ed.']
database system concepts,Database System Concepts,4,['3rd' '4th' '6th' '1st ed.']
design aids in soil  mechanics & foundation engg..,Design Aids in Soil  Mechanics & Foundation Engg..,2,['1st ed.' '']
design data,Design data,3,['1st ed.' '' '1st']
design of analog cmos integrated circuits,Design of Analog CMOS Integrated Circuits,2,['1st ed.' '']
design of machine elements,Design of Machine Elements,9,"['1st ed.' '1st' '2nd' '7th' '4th ed.' '8th  ed.' '8th ed.' '2nd ed.'
 '3nd ed.']"
design of steel structures,Design of Steel Structures,3,['3rd ed.' '5th ed. rep.' '1st ed.']
design with pic micro controllers,Design with PIC Micro controllers,4,['1st' '2nd ed.' '7th' '1st ed.']
design with pic microcontrollers,Design with PIC Microcontrollers,3,['8th rep.' '7th' '2nd ed.']
differential equations,Differential Equations,2,['3rd ed.' '']
digital communication,Digital Communication,5,['1st' '1st ed.' '2nd ed.' '3rd' '3rd ed.']
digital communication techniques,Digital Communication Techniques,3,['2nd pri.' '1st ed.' '']
digital communications,Digital Communications,5,['1st' '4th' '1st ed.' '' '5th ed.']
digital control systems,Digital control systems,3,['2nd ed.' '2nd' '2nd ed']
digital design,Digital Design,5,['3rd' '1st ed.' '' '4th ed.' '6th ed.']
digital electronics,Digital Electronics,3,['6th' '1st' '5th']
digital electronics and logic design,Digital Electronics and Logic Design,2,['2nd pri.' '1st ed.']
digital electronics and microprocessors,Digital Electronics and Microprocessors,3,['18th rep.' '20th rep.' '1st']
digital electronics: principles & integrated circuits,Digital Electronics: Principles & Integrated circuits,2,['1st ed.' '']
digital electronics: principles and applications,Digital Electronics: Principles and Applications,3,['6th ed' '1st ed.' '6th']
digital fundamentals,Digital Fundamentals,4,['3rd ed.' '8th' '1st' '8th ed.']
digital fundamentals :experiment& concept with cplds,Digital Fundamentals :Experiment& Concept with CPLDs,2,['1st ed.' '']
digital image processing,Digital Image Processing,6,['1st ed.' '' '3rd' '2nd' '1st' '3rd ed.']
digital image processing and analysis,Digital Image Processing and Analysis,2,['4th pri. ed.' '1st ed.']
digital integrated circuit design,Digital Integrated Circuit Design,2,['1st ed.' '']
digital integrated circuits,Digital Integrated Circuits,2,['2nd rep.' '1st ed.']
digital integrated circuits: a design perspective,Digital Integrated Circuits: a design perspective,2,['2nd' '2nd ed.']
digital logic and computer design,Digital Logic and computer Design,4,['1st ed.' '26th.rep' '13th pri.' '1st']
digital logic design principles,Digital logic design principles,2,['1st ed.' '']
digital microwave communication system,Digital Microwave Communication System,2,['1st' '1st ed.']
digital signal processing,Digital Signal Processing,11,"['6th rep.' '1st' '' '3rd' '1st ed.' '4th' '3rd imp.' '4th rep.' '29 ed.'
 '2nd ed.' '2nd']"
digital signal processing: signal systems filters,Digital Signal Processing: Signal Systems Filters,2,['1st ed.' '']
digital switching systems: system reliability and analysis,Digital switching systems: system reliability and analysis,2,['1st ed.' '']
digital system: principles and design,Digital system: Principles and Design,2,['1st ed.' '']
discrete math.for comp. scientist & mathematicians,Discrete Math.for Comp. Scientist & Mathematicians,2,['2nd re' '2nd']
discrete mathematical structures,Discrete Mathematical Structures,3,['4th' '5th' '1st ed.']
discrete mathematics,Discrete Mathematics,5,['1st' '2nd' '1st ed.' '6th ed.' '3rd.']
discrete mathematics and structures,Discrete Mathematics and Structures,3,['2nd ed' '5th ed.' '1st ed.']
discrete time control systems,Discrete time Control Systems,2,['2nd ed.' '2nd']
discrete-time : speech signal processing,Discrete-Time : Speech Signal Processing,2,['1st rep.' '1st']
distributed operating system,Distributed Operating system,2,['1st' '1st ed.']
distributed operating systems,Distributed Operating systems,5,['1st' '1st ed.' '3rd' '4th' '']
distributed operating systems concepts & design,Distributed Operating systems Concepts & Design,2,['1st ed.' '1st']
e- commerce: strategy technology and applications,E- Commerce: Strategy Technology and Applications,4,['1st' '15th re print' '1st ed.' '2nd']
e-commerce application----scratch,e-commerce application----scratch,2,['1st' '']
economic survey 2007-08,Economic Survey 2007-08,2,['1st ed.' '']
economics,Economics,8,['4th ed.' '6th' '7th' '4th' '10th' '3rd' '8th' '9th']
economics workbook,Economics Workbook,3,['5th' '' '6th']
effective methods for software engineering,Effective Methods for Software Engineering,2,['2nd' '3rd']
electric circuits,Electric Circuits,4,['4th' '4th ed.' '8th ed.' '5th']
electric machinery,Electric Machinery,2,['1st' '6th ed.']
electric machinery and transformers,Electric Machinery and Transformers,2,['2nd' '2nd ed.']
electric machines,Electric Machines,4,['2nd' '4th ed.' '3rd' '3rd ed.']
electric power distribution,Electric power distribution,2,['5th ed.' '6th ed.']
electrical &electronics measurement & instrumentation,Electrical &Electronics Measurement & Instrumentation,2,['1st' '']
electrical engineering fundamentals,Electrical Engineering Fundamentals,2,['2nd' '2nd ed.']
electrical engineering materials,Electrical Engineering Materials,4,['2nd' '1st' '1st ed.' '']
electrical machinery,Electrical Machinery,2,['7th ed' '7th ed.']
electrical machines,Electrical Machines,2,['2nd' '3rd']
electrical networks,Electrical Networks,2,['2nd rep.' '1st ed.']
electrical power systems,Electrical Power Systems,2,['5th ed.' '6th']
electrical science,Electrical science,3,['1st' '' '1st ed.']
electrical technology,Electrical Technology,2,['rep' '1st']
electrical wiring---costing,Electrical wiring---costing,2,['1st' '']
electricity & magnetism vol-2,Electricity & Magnetism vol-2,2,['1st ed.' '']
electricity and magnetism,Electricity and magnetism,3,['1st ed.' '' '11th rep']
electromagnetic field and waves,Electromagnetic field and waves,2,['1st ed.' '1st']
electromagnetic field theory,Electromagnetic Field Theory,2,['1st' '5th ed.']
electromagnetic fields & waves,Electromagnetic fields & Waves,2,['1st ed.' '3rd']
electromagnetic fields and waves,Electromagnetic Fields and Waves,2,['1st rep' '1st rep.']
electromagnetic waves,Electromagnetic Waves,3,['1st' '1st ed.' '']
electromagnetic waves and radiating systems,Electromagnetic Waves and Radiating Systems,2,['34' '2nd']
electromagnetics,Electromagnetics,2,['2nd' '2nd ed']
electronic circuit analysis design,Electronic Circuit Analysis Design,3,['2nd ed.' '2nd' '3rd']
electronic circuits,Electronic circuits,2,['3rd ed.' '3rd ed']
electronic communication system,Electronic Communication System,2,['4th' '']
electronic communication systems,Electronic Communication Systems,3,['4th' '5th' '5 ed.']
electronic communications,Electronic communications,4,['1st ed.' '' '4th ed.' '4th']
electronic device and circuits,Electronic Device and Circuits,2,['2nd' '']
electronic devices & circuits,Electronic Devices & Circuits,3,['2nd' '1st ed.' '2nd ed.']
electronic devices and circuit theory,Electronic Devices and Circuit Theory,3,['6th ed.' '8th' '9th']
electronic devices and circuits,Electronic Devices and Circuits,10,"['1st ed.' '1st rep.' '3rd' '25th rep.' '23rd' '1st' '6th' '32th'
 '3rd ed.' '5th']"
electronic devices and circuits:: an introduction,Electronic devices and circuits:: an introduction,2,['1st ed.' '']
electronic devices and integrated circuits,Electronic Devices and Integrated Circuits,2,['1st ed.' '']
electronic instrumentation,Electronic Instrumentation,2,['1st' '1st ed.']
electronic measurements & instrumentation,Electronic Measurements & Instrumentation,2,['1st ed.' '']
electronic principles,Electronic Principles,3,['1st ed.' '6th' '7th']
electronics : analog and digital,Electronics : Analog and Digital,2,['1st' '5th pri.']
electronics circuits & analysis,Electronics Circuits & Analysis,2,['1st' '1st ed.']
electronics instruments and instrumentation technology,Electronics Instruments and Instrumentation Technology,2,['1st' '1st ed.']
elementary linear algebra,Elementary Linear Algebra,2,['9th ed' '9 ed.']
elementary organic spectroscopy,Elementary Organic Spectroscopy,2,['1st rep.' '1st ed.']
elements of discrete mathematics,Elements of Discrete Mathematics,2,['2nd ed.' '']
elements of engineering electromagnetic,Elements of Engineering Electromagnetic,2,['4th' '5th']
elements of information theory,Elements of Information Theory,2,['1st ed.' '']
elements of materials science and engineering,Elements of Materials Science and Engineering,2,['1st' '6th']
elements of mechanical engineering,Elements of Mechanical Engineering,3,['1st' '1st ed.' '']
elements of mercantile law,Elements of Mercantile Law,2,['1st' '1st ed.']
elements of numerical analysis,Elements of Numerical Analysis,2,['1st ed.' '']
elements of partial differential equations,Elements of partial differential equations,2,['1st' '']
elements of strength of materials,Elements of Strength of Materials,2,['5th ed.' '1st ed.']
elements of workshop technology vol.2,Elements of Workshop Technology vol.2,2,['1st' '11th']
eletromagnetic with application,Eletromagnetic with Application,2,['int' '5th']
embedded systems : architecture progr. & design,Embedded Systems : Architecture Progr. & Design,2,['7th' '1st ed.']
embedded systems: architecture programming & design,Embedded Systems: Architecture Programming & Design,3,['1st' '1st ed.' '']
embeded systems & robotics,Embeded Systems & Robotics,2,['1st ed.' '']
emissions from two stroke engines,Emissions from two stroke engines,2,['1st ed.' '']
encyclopedia of electronic circuits,Encyclopedia of Electronic Circuits,2,['1st ed.' '']
energy management,Energy Management,2,['1st ed.' '']
engineering chemistry,Engineering Chemistry,8,['3rd' '15th' '1st' '7th' '1st ed.' '' '2nd rep.' '3rd ed.']
engineering circuits analysis,Engineering Circuits Analysis,2,['6th' '7th']
engineering drawing,Engineering Drawing,5,['42th' '45th' '49th ed.' '11th' '1st ed.']
engineering drawing practice for school colleges:: sp46:2003,Engineering Drawing Practice for School Colleges:: SP46:2003,2,['1st ed.' '']
engineering economics,Engineering Economics,2,['1st ed.' '4th ed.']
engineering fluid mechanics,Engineering Fluid Mechanics,5,['1st' '1 rep.' 'rep.' '2nd ed.' '1st ed.']
engineering graphics with auto cad 2006,Engineering Graphics With Auto CAD 2006,2,['1st' '1st ed.']
engineering hydrology,Engineering Hydrology,2,['3rd ed.' '1st ed.']
engineering materials,Engineering Materials,3,['5th' '25th ed.' '1st ed.']
engineering mathematics,Engineering Mathematics,4,['2nd' '1st' '1st ed.' '3rd']
engineering mechanics,Engineering Mechanics,4,['5th' '3rd' '1st ed.' '']
engineering mechanics dynamics,Engineering Mechanics Dynamics,4,['5th' 'si ed' '6th ed.' '1st ed.']
engineering mechanics of solids,Engineering Mechanics of Solids,2,['2nd' '1st ed.']
engineering mechanics vol. 1: statics,Engineering Mechanics Vol. 1: Statics,2,['1st ed.' '']
engineering mechanics vol. 2: dynamics,Engineering Mechanics Vol. 2: Dynamics,2,['1st ed.' '']
engineering mechanics: statics and dynamic,Engineering Mechanics: Statics and Dynamic,4,['13 rep.' '13th ed.' '1st ed.' '']
engineering mechanics: statics and dynamics,Engineering Mechanics: Statics and Dynamics,2,['4th' '1st ed.']
engineering mechanics:: statics,Engineering Mechanics:: statics,2,['1st ed.' '']
engineering metallurgy,Engineering metallurgy,2,['6th ed.' '6th']
engineering optimization,Engineering optimization,5,['3rd ed.' '4th ed.' '5th ed.' '6th ed.' '7th ed.']
engineering physics,Engineering Physics,6,['8th ed.' '1st ed.' '2nd' '3rd' '5th ed.' '3rd imp.']
engineering thermodynamics,Engineering Thermodynamics,3,['3rd ed.' '4th ed.' '1st ed.']
english for students of science,English for students of science,2,['1st ed.' '1st']
english hindi dictionary,English Hindi Dictionary,2,['1st' '1st ed.']
enterprise resource planning,Enterprise Resource Planning,3,['1st ed.' '2nd ed.' '']
enterprise resource planning :concept and planning,Enterprise Resource Planning :Concept and Planning,2,['1st ed.' '2nd ed.']
entrepreneurship,Entrepreneurship,2,['6th' '2nd ed.']
entrepreneurship development and management,Entrepreneurship Development and Management,2,['1st ed.' '']
environment and pollution,Environment and pollution,2,['4th' '4th ed.']
environmental chemistry,Environmental Chemistry,6,['4th ed.' '5th' '1st' '4th' '9th' '1st ed.']
environmental engineering,Environmental Engineering,2,['1st' '1st ed.']
environmental engineering laboratory manual,Environmental Engineering Laboratory Manual,2,['1st ed.' '']
environmental impact assessment and management,Environmental Impact Assessment and Management,2,['1st ed.' '']
environmental science,Environmental Science,2,['1st ed.' '6th ed.']
environmental studies,Environmental Studies,2,['1st' '3rd']
essential of management,Essential of Management,3,['4th' '5th' '6th']
essentials of physical chemistry,Essentials of Physical Chemistry,3,['1st ed.' '24th rep' '24th']
essentials of vlsi:: circuits & systems,Essentials of VLSI:: circuits & systems,2,['1st ed.' '']
ethics in engineering,Ethics in Engineering,2,['1st ed.' '']
everyday dialogues in english,Everyday dialogues in english,2,['1st ed.' '11th pri.']
exercise workbook for advanced auto cad,Exercise Workbook For Advanced Auto cad,2,['1st ed.' '']
exercise workbook for beaning  auto cad,Exercise Workbook For Beaning  Auto cad,2,['1st ed.' '']
experimental methods for engineers,Experimental Methods for engineers,3,['6th' '1st ed.' '7th ed.']
experimentation---machines,Experimentation---machines,2,['2nd' '']
feedback control system,Feedback Control System,2,['2nd ed.' '2nd']
feedback control systems,Feedback Control Systems,2,['2nd' '1st ed.']
fiber optics,Fiber optics,2,['1st ed.' '']
fiber optics through experiments,Fiber optics through Experiments,2,['1st ed.' '3rd ed.']
financial accounting,Financial Accounting,4,['3rd' '1st' '8th pri.' '1st ed.']
financial management : theory and practice,Financial Management : Theory and Practice,2,['5th' '9th']
financial markets and corporate strategy,Financial Markets and Corporate Strategy,2,['1st ed.' '2nd']
finite elements producers,Finite Elements Producers,2,['1st ed.' '']
fluid mechanics,Fluid Mechanics,8,['2nd ed.' '2nd' '4th' '4th ed.' '6th' '1st ed.' '' '3rd']
fluid mechanics & fluid power engineering,Fluid Mechanics & Fluid Power Engineering,2,['1st' '6th ed']
fluid mechanics and fluid power engineering,Fluid Mechanics and Fluid Power Engineering,3,['rep.' '1st' 'rep.2007']
fluid mechanics and hydraulic machines,Fluid Mechanics and Hydraulic Machines,2,['9 rev. ed.' '1st ed.']
fluid mechanics: fundamentals and applications,Fluid Mechanics: fundamentals and applications,2,['2nd ed.' '1st ed.']
fluid mechanics: fundamentals of applications,Fluid Mechanics: Fundamentals of Applications,4,['1st ed.' '' '2ed.' '2th ed']
fluid mechanics: problems & solutions,Fluid Mechanics: Problems & solutions,2,['1st ed.' '']
foundation engineering,Foundation Engineering,2,['1st ed.' '']
foundations for microwave engineering,Foundations for microwave engineering,2,['2nd' '']
foundations of computing,Foundations of Computing,2,['1st' '1st ed.']
foundations of corporate success,Foundations of corporate Success,2,['1st' '']
foundations of robotics analysis and control,Foundations of robotics analysis and control,2,['1st ed.' '']
frontier of electronic commerce,Frontier of Electronic Commerce,2,['11th pri.' '1st']
fundamental of computer algorithms,Fundamental of Computer Algorithms,2,['1st' '2nd']
fundamental of digital image processing,Fundamental of Digital Image Processing,2,['1st' '1st ed.']
fundamental of electromagnetic theory,Fundamental of electromagnetic theory,2,['1st ed.' '']
fundamental of semiconductor fabrication,Fundamental of Semiconductor Fabrication,2,['1st ed.' '']
fundamental of signals &system,Fundamental of Signals &System,2,['1st ed.' '']
fundamental of the internet & the world wilde web,Fundamental of the Internet & the World Wilde Web,2,['1st' '2nd']
fundamental of--sensor systems,Fundamental of--sensor systems,2,['1st ed.' '']
fundamentals of compressible flow,Fundamentals of compressible flow,2,['2nd' '3rd']
fundamentals of computer algorithms,Fundamentals of computer algorithms,2,['1st ed.' '']
fundamentals of computers and programming with c,Fundamentals of Computers and Programming with C,3,['1st' '1st ed.' '5th']
fundamentals of convolutional coding,Fundamentals of Convolutional Coding,2,['1st ed.' '']
fundamentals of data structure,Fundamentals of Data Structure,2,['1st' '']
fundamentals of database systems,Fundamentals of Database Systems,4,['3rd' '1st' '5th ed.' '1st ed.']
fundamentals of digital circuits,Fundamentals of Digital Circuits,3,['3rd prr.' '1st' '1st ed.']
fundamentals of digital communications,Fundamentals of Digital Communications,2,['1st ed.' '']
fundamentals of digital image processing,Fundamentals of Digital Image Processing,2,['1st ed.' '']
fundamentals of electric circuits,Fundamentals of Electric Circuits,3,['1st ed.' '3rd' '3rd ed.']
fundamentals of electric drives,Fundamentals of Electric Drives,2,['1st ed.' '']
fundamentals of electric machines,Fundamentals of electric machines,2,['2nd' '']
fundamentals of electromagnetics with matlab,Fundamentals of Electromagnetics with MATLAB,3,['1st' '2nd ed.' '']
fundamentals of error correcting codes,Fundamentals of Error Correcting Codes,2,['rep.' '']
fundamentals of heat and mass transfer,Fundamentals of Heat and Mass Transfer,2,['5th' '5th ed.']
fundamentals of industrial instrumentation & process control,Fundamentals of Industrial Instrumentation & Process Control,2,['1st ed.' '']
fundamentals of information technology,Fundamentals of Information Technology,2,['1st' '']
fundamentals of internal combustion engines,Fundamentals of Internal Combustion Engines,2,['1st ed.' '']
fundamentals of machine component design,Fundamentals of Machine Component Design,2,['3rd' '3 ed.']
fundamentals of microwave engineering,Fundamentals of Microwave Engineering,2,['1st ed.' '']
fundamentals of nano electronics,Fundamentals of Nano electronics,2,['1st ed.' '']
fundamentals of neural network: architecture algorithims & applications,fundamentals of Neural Network: Architecture Algorithims & Applications,2,['1st' '']
fundamentals of programming language,Fundamentals of programming language,2,['2nd ed.' '']
fundamentals of signals & systems,Fundamentals of Signals & Systems,2,['1st ed.' '']
fundamentals of software engineering,Fundamentals of Software Engineering,2,['2nd' '1st ed.']
fundamentals of the internet and the world wide web,Fundamentals of the Internet and the World wide web,2,['2nd' '1st']
fundamentals of wimax: understanding broadband wireless networking,Fundamentals of WIMAX: Understanding Broadband Wireless networking,2,['1st ed.' '']
fundamentals of wireless communication,Fundamentals of Wireless Communication,2,['1st ed.' '']
fundamentls of artificial neural networks,Fundamentls of Artificial Neural Networks,2,['1st' '']
fuzzy logic & its applications technology & management,Fuzzy Logic & Its Applications Technology & Management,2,['1st ed.' '1st']
"fuzzy logic: intelligence, control & information","Fuzzy Logic: Intelligence, Control & Information",3,['1st' '1st ed.' '']
fuzzy sets & fuzzy logic: theory & application,Fuzzy Sets & Fuzzy Logic: theory & application,2,['1st ed.' '']
garuda purana,Garuda Purana,2,['3rd' '']
gas turbine theory,Gas Turbine Theory,3,['4th' '1st' '5th']
generalized theory of electrical machine,Generalized Theory of Electrical Machine,2,['5th ed' '5th ed.']
generalized theory of electrical machines,Generalized Theory of Electrical Machines,2,['9th' '5th ed.']
generation of electrical energy,Generation of Electrical Energy,2,['1st ed.' '']
geotechnical engineering,Geotechnical Engineering,2,['1st ed.' '3rd ed.']
getting started with matlab 7,Getting Started with MATLAB 7,2,['9 th.' '1st ed.']
getting started with matlab 7: a quick introduction for scientists and engineers,Getting Started with MATLAB 7: a quick introduction for scientists and engineers,2,['1st ed.' '9 imp.']
global marketing management,Global Marketing Management,2,['5th' '2nd ed.']
graph theory with applications to engg.and comp.sc,Graph Theory with Applications to Engg.and Comp.Sc,3,['1st' '19th pri.' '25th pri.']
great ...india : veda 3 sama veda,Great ...India : Veda 3 Sama Veda,2,['1st ed.' '']
group discussion for admission & jobs,Group discussion for admission & jobs,2,['1st' '1st ed.']
"growth, employment and labour markets","Growth, Employment and Labour Markets",2,['1st ed.' '']
handbook for structural engineers,Handbook for Structural Engineers,2,['2rev.ed.' '6th rep.']
handbook of aerial photography and interpretation,Handbook of Aerial Photography and Interpretation,2,['1st ed.' '']
handbook of gear design,Handbook of Gear Design,2,['2nd' '2nd ed.']
handbook on concrete mixes,Handbook on Concrete Mixes,2,['1st ed.' '']
handbook on concrete reinforcement & detailing,Handbook on Concrete Reinforcement & Detailing,2,['1st ed.' '']
handbook on concrete reinforcement and detailing,Handbook on Concrete Reinforcement and Detailing,2,['1st ed.' '']
handbook on masonary design & construction,Handbook on Masonary Design & Construction,2,['1st ed.' '1st']
hard times,Hard Times,2,['2nd imp.' '']
hdl programming: vhdl and verilog,HDL Programming: VHDL and Verilog,2,['1st ed.' '']
heat and mass transfer,Heat and Mass Transfer,4,['1st ed.' '' '6th' '1st']
heat and thermodynamics,Heat and Thermodynamics,2,['1st ed.' '']
heat transfer,Heat Transfer,4,['9th ed' '9th ed.' '2nd' '1st ed.']
hernative building materials and technologies,Hernative building materials and technologies,2,['1st ed.' '']
high school english grammar and composition,High School English Grammar and Composition,2,['1st ed.' '']
high voltage engineering,High Voltage Engineering,2,['2nd' '4th ed.']
higher engineering mathematics,Higher engineering mathematics,6,['1st ed.' '3rd.rep.' '36th.' '37th' '1st' '40th']
highway engineering,Highway Engineering,3,['8th ed. rep.' '9th ed.' '1st ed.']
house wiring,House wiring,2,['1st' '']
how to solve it by computer,How to Solve it by Computer,2,['8th pri.' '1st ed.']
html 4,HTML 4,2,['2nd' '']
html by example,HTML by Example,2,['' '1st']
human computer interaction,Human Computer Interaction,2,['1st ed.' '']
hvdc power transmission systems:: technology and system interaction,HVDC Power transmission systems:: technology and system interaction,2,['1st ed.' '']
industrial electronics and control,Industrial Electronics and Control,2,['1st ed.' '']
industrial engineering,Industrial engineering,3,['' '1st' '3rev.ed.']
industrial engineering & management,Industrial Engineering & Management,2,['1st' '10th rep.']
industrial engineering & production management,Industrial Engineering & Production Management,2,['1st' 'rep.']
industrial instrumentation & control,Industrial Instrumentation & Control,2,['1st' '2nd']
industrial instrumentation: principles and design,Industrial Instrumentation: principles and design,2,['1st ed.' '']
information systems,Information Systems,2,['1st' '1st ed.']
information technology the breaking wave,Information Technology The Breaking Wave,3,['12th rep.' '15th rep.' '14th rep.']
information theory coding & cryptography,Information Theory Coding & Cryptography,2,['5th' '3rd']
"information theory, coding and cryptography","Information Theory, Coding and Cryptography",2,['2nd  ed.' '1st ed.']
inside corba,Inside Corba,2,['1st ed.' '']
instrumentation measurement & analysis,Instrumentation Measurement & Analysis,3,['2nd' 'ii' '3rd ed.']
instrumentation measurement and analysis,Instrumentation Measurement and Analysis,7,['1st ed.' '21st rep.' '22nd rep.' '2nd' '2nd ed.' '3rd' '3rd ed.']
integrated electronics: analog and digital .. sys.,Integrated Electronics: Analog and Digital .. Sys.,2,['1st ed.' '25th rep.']
integrated electronics: analog and digital circuits and systems,Integrated electronics: Analog and digital circuits and systems,2,['32nd rep' '2nd ed.']
intel microprocessor,Intel Microprocessor,2,['1st ed.' '']
intel microprocessors 8086/8088,Intel Microprocessors 8086/8088,3,['4th ed.' '' '6th']
internal combustion engine,Internal Combustion Engine,3,['1st' '2nd ed.' '1st ed.']
internal combustion engine fundamentals,Internal Combustion Engine Fundamentals,2,['1st' '1st ed.']
internal combustion engines,Internal Combustion Engines,8,['3rd ed.' '' '1st' '17th rep.' '2nd' '3rd' '2nd ed.' '1st ed.']
international bussiness : a managerial perspective,International Bussiness : A Managerial Perspective,2,['2nd ed.' '3rd']
international economics,International economics,7,['3rd' '4th' '5th ed.' '4th ed.' '6th' '1st ed.' '']
international management :: a strategic perspective,International Management :: a strategic perspective,2,['1st ed.' '']
internet & web technology,Internet & Web Technology,3,['1st' '1st ed.' '']
internet & world wide web,Internet & World Wide Web,2,['1st' '3rd ed.']
internet working with tcp /ip vol.1,Internet working With TCP /IP Vol.1,2,['1st' '1st ed.']
internet world wide web,Internet World Wide Web,2,['1st' '3rd']
internet: the complete reference,Internet: The Complete Reference,2,['6th rep.' '15th']
internetworking ...tcp/ip,Internetworking ...TCP/IP,2,['1st ed.' '']
internetworking with tcp/ip vol.3,Internetworking with TCP/IP Vol.3,2,['1st ed.' '2nd ed.']
interpreter of maladies,Interpreter of Maladies,2,['1st ed.' '']
introducation to wireless telecommunication & networks,Introducation to wireless telecommunication & networks,2,['1st ed.' '']
introduction of vlsi circuits & systems,Introduction of VLSI Circuits & Systems,2,['1st ed.' '']
introduction to -----scientists,Introduction to -----scientists,2,['1st ed.' '']
introduction to algorithms,Introduction to Algorithms,4,['2nd' '1st' '2nd rev.' '1st ed.']
introduction to artificial neural system,Introduction to Artificial Neural System,2,['1st ed.' '']
introduction to automata theory languages & computation,Introduction to Automata theory Languages & Computation,2,['1st' '2nd']
introduction to automate theory : language & c,Introduction to automate theory : Language & c,2,['1st' '']
introduction to econometric,Introduction to Econometric,2,['3rd ed.' '3rd']
introduction to econometrics,Introduction to Econometrics,2,['1st' '3rd']
introduction to electrodynamics,Introduction to Electrodynamics,2,['3rd' '1st ed.']
introduction to embedded system,Introduction to Embedded System,2,['1st ed.' '']
introduction to energy conversion vol.i,Introduction to Energy Conversion Vol.I,2,['1st' '']
introduction to energy conversion vol.ii,Introduction to Energy Conversion Vol.II,2,['1st' '']
introduction to energy conversion vol.iii,Introduction to Energy Conversion Vol.III,2,['1st' '']
introduction to error control codes,Introduction to Error Control Codes,2,['1st ed.' '']
introduction to fiber optics,Introduction to fiber optics,2,['1st ed.' '']
introduction to finite elements in engineering,Introduction to Finite Elements in Engineering,3,['2nd' '3rd' '1st ed.']
introduction to graph theory,Introduction to Graph Theory,2,['1st' '1st ed.']
introduction to logic,Introduction to LOGIC,2,['9th ed.' '10th']
introduction to logic & computer design,Introduction to Logic & Computer Design,2,['1st ed.' '']
introduction to machine learning,Introduction to machine learning,2,['2nd ed.' '1st ed.']
introduction to mechatronics & measurement systems,Introduction to Mechatronics & Measurement Systems,4,['2nd' '1st' '1st ed.' '']
introduction to microprocessors,Introduction to Microprocessors,2,['3rd' '3rd ed.']
introduction to nanotechnology,Introduction to Nanotechnology,2,['1st ed.' '']
introduction to neural networks using matlab 6.0,Introduction to Neural networks using MATLAB 6.0,2,['1st ed.' '']
introduction to quantum mechanics,Introduction to quantum mechanics,2,['1st ed.' '']
introduction to radar systems,Introduction to Radar Systems,5,['2nd' '1st ed.' '' '3rd ed.' '3rd']
introduction to real analysis,Introduction to real analysis,2,['3rd ed.' '1st ed.']
introduction to robotics,Introduction to Robotics,3,['1st ed.' '' '2nd']
introduction to solid state physics,Introduction to Solid State Physics,2,['7th' '1st ed.']
introduction to sustainability,Introduction to sustainability,2,['' '2nd ed.']
introduction to unix / linux,Introduction to Unix / Linux,2,['1st' '']
introduction to vlsi circuits & systems,Introduction to VLSI Circuits & Systems,2,['1st ed.' '']
introductions to operations research,Introductions to Operations Research,2,['1st' '8th']
introductory functional analysis with application,Introductory Functional Analysis with Application,2,['' '1st ed.']
introductory methods of numerical analysis,Introductory Methods of Numerical Analysis,5,['3rd ed.' '' '1st ed.' '3rd' '4th ed.']
introductory statistics for business and economics,Introductory statistics for business and economics,2,['5th' '4th ed.']
investments,Investments,2,['6th' '1st']
is-95 cdma & cdma 2000: cellular ipcs system implementation,IS-95 CDMA & Cdma 2000: Cellular IPCS System Implementation,3,['1st' '1st ed.' '']
java 2 : certification,Java 2 : Certification,2,['1st' '']
java 2 : the complete reference,Java 2 : The Complete Reference,3,['3rd' '4th' '5th']
java 2 platform,Java 2 platform,3,['1st ed.' '' '1st']
java how to program,Java How to Program,2,['6th' '8th']
java programming,JAVA Programming,2,['3rd ed.' '']
kurma purana,Kurma Purana,2,['3rd' '']
laboratory mannual in highway engineering,Laboratory Mannual in Highway Engineering,2,['1st ed.' '']
laser fundamentals,Laser Fundamentals,2,['1st rep ed.' '1st']
lectures on macroeconomics,Lectures on Macroeconomics,2,['1st ed.' '2nd ed.']
lectures on physics,Lectures on Physics,4,['11th ed.' '12th' '' '13th ed.']
let us c,Let Us C,4,['3rd' '1st' '3rd rev.' '2nd']
linear algebra,Linear Algebra,3,['4th ed.' '3rd ed.' '2nd']
linear control systems,Linear Control Systems,2,['2nd rep.' '1st']
linear integrated circuits,Linear Integrated Circuits,3,['1st' '1st ed.' '']
linga purana,Linga Purana,2,['3rd' '']
lisp,LISP,2,['3rd' '3rd ed.']
"log-voltage,low-power vlsi subsystems","Log-Voltage,Low-Power VLSI Subsystems",2,['1st ed.' '']
low power cmos vlsi circuit design,Low power CMOS VLSI circuit design,2,['1st ed.' '']
machine design,Machine Design,6,['9th ed.' '10th' '4th pri.' '1st ed.' '2nd' '']
machine drawing,Machine Drawing,3,['17th rev' '36th' '1st ed.']
macroeconomics,Macroeconomics,9,['1st ed.' '4th' '2nd' '3rd' '5th' '18th' '9th' '6th' '4th ed.']
macroeconomics: theory and policy,Macroeconomics: Theory and policy,2,['1st ed.' '18th rev. ed.']
management,Management,6,['5th ed.' '5th' '16th rp.' '7th' '3rd' '6th']
management accounting,Management Accounting,2,['3rd' '11rev. ed.']
management and organisational behaviour,Management and Organisational Behaviour,4,['5th' '2nd' '6th' '7th ed.']
management information system,Management information system,3,['1st' '' '2nd']
management information systems,Management information systems,7,['6nd ed.' '1st ed.' '8th' '2nd' '1st' '6th' '15 rep.']
managerial economics,Managerial Economics,5,['1st ed.' '4th' '6th' '5th' '7th']
manufacturing engg. and technology,Manufacturing Engg. and Technology,2,['3rd ed.' '']
manufacturing process,Manufacturing Process,3,['2nd ed.' '5th rev. ed.' '1st ed.']
manufacturing processes & systems,Manufacturing Processes & systems,2,['1st' '9th']
manufacturing science,Manufacturing science,3,['1st ed.' '1st' '2nd ed.']
marketing management,Marketing Management,8,['10th' 'mill.' '11th' '1st' '' '12th' '2nd' '4th ed.']
mastering effective english,Mastering Effective English,2,['1st ed.' '1st']
material science,Material Science,2,['1st' '1st ed.']
material science and engineering,Material Science and Engineering,3,['4th' 'rep.' '1st ed.']
material science and engineering an introduction,Material Science and Engineering An Introduction,2,['5th' '6th']
materials and process in manufacturing,Materials and Process in Manufacturing,2,['8th' '1st ed.']
materials science & engineering an introduction,Materials science & engineering an introduction,2,['1st' '6th ed.']
materials science and engineering,Materials Science and Engineering,4,['4th ed.' '2nd ed.' '5th' '1st ed.']
mathematical analysis,Mathematical Analysis,2,['2nd' '1st ed.']
mathematical physics,Mathematical Physics,2,['21st ed.' '1st ed.']
mathematics,Mathematics,2,['3rd ed.' '']
matsya purana,Matsya Purana,2,['3rd' '']
measurement & instrumentation,Measurement & Instrumentation,2,['1st ed.' '']
measurement systems,Measurement Systems,3,['4th ed.' '5th ed.' '5th']
mechanical engineering design,Mechanical Engineering Design,4,['6th ed.' '6th' '8th ed.' '1st ed.']
mechanical engineering of competitions,Mechanical Engineering of competitions,2,['1st ed.' '']
mechanical measurement,Mechanical Measurement,4,['3rd ed.' '' '11th ed.' '1st ed.']
mechanical measurment and control,Mechanical Measurment and control,2,['3rd ed.' '']
mechanical vibration,Mechanical Vibration,2,['1st ed.' '2nd ed.']
mechanical vibrations,Mechanical Vibrations,4,['7th ed.' '4th ed.' '1st ed.' '8th ed.']
mechanics of materials,Mechanics of Materials,2,['3rd ed.' '1st ed.']
mechanics of structures vol.1,Mechanics of Structures Vol.1,2,['25th ed.' '1st ed.']
mechanics of structures vol.2,Mechanics of Structures Vol.2,3,['18th ed.' '1st ed.' '9th ed.']
mechanism and machine theory,Mechanism and machine theory,2,['2nd ed.' '']
mechatronics,Mechatronics,5,['4th ed.' '3rd ed.' '1st ed.' '3rd. ed.' '']
microcomputer systems : the 8086/8088 family,Microcomputer Systems : The 8086/8088 Family,2,['2nd' '1st']
microeconomics,Microeconomics,6,['2nd ed.' '3rd' '5th' '1st' '3rd ed.' '7th']
microelectronic circuits,Microelectronic Circuits,2,['5th' '5th ed.']
microelectronics circuits,Microelectronics Circuits,3,['4th ed.' '4th' '5th ed.']
microprocessor architecture programming & application with the 8085,Microprocessor Architecture Programming & Application with the 8085,2,['5th ed.' '5th']
microprocessor architecture programming 8085,Microprocessor Architecture Programming 8085,2,['1st ed.' '2005']
microprocessors,Microprocessors,2,['1st ed.' '2nd ed.']
microprocessors & microcontrollers 8085/8051: archotecture progr. & systems design,Microprocessors & Microcontrollers 8085/8051: Archotecture Progr. & Systems Design,2,['1st ed.' '']
microprocessors architecture with the 8085,Microprocessors Architecture with the 8085,3,['4th ed.' '' '5th ed.']
microwave and radar engineering,Microwave and Radar Engineering,3,['1st rep.' '3rd ed.' '1st ed.']
microwave devices and circuits,Microwave Devices and Circuits,3,['3rd ed.' '3rd' '2nd ed.']
microwave engineering,Microwave Engineering,3,['1st ed.' '3rd' '3rd ed.']
mobile and personal communication sys. & services,Mobile and Personal Communication Sys. & Services,2,['4th pri.' 'rep.']
mobile cellular telecommunications,Mobile Cellular Telecommunications,2,['2nd ed.' '1st ed.']
mobile communications,Mobile Communications,4,['7th rep.' '7th ed.' '2nd' '2nd ed.']
mobile wireless communications,Mobile Wireless Communications,2,['1st ed.' '']
modern accountancy,Modern Accountancy,2,['1st' '2nd']
modern approach to verbal and non-verbal reasoning,Modern approach to verbal and non-verbal reasoning,2,['rev. ed.' '1st ed.']
modern control engineering,Modern Control Engineering,3,['3rd ed.' '4th ed.' '1st ed.']
modern control system theory,Modern Control System Theory,2,['2nd ed.' '2th']
modern control systems,Modern Control Systems,3,['3rd ed.' '10th ed.' '11 edition']
modern digital and analog communication systems,Modern Digital and Analog Communication Systems,4,['1st ed.' '3rd ed.' '3rd' '4th international ed.']
modern digital electronics,Modern digital electronics,4,['2nd' '2nd ed.' '3rd ed.' '4th ed.']
modern electric inst. and measurement techniques,Modern Electric Inst. and Measurement Techniques,3,['1st ed.' '10th pri.' '11th pri.']
modern electronic communication,Modern Electronic Communication,2,['1st ed.' '9th ed.']
modern electronic instrumentation & measurement techniques,Modern Electronic Instrumentation & Measurement Techniques,2,['1st ed.' '']
modern machining process,Modern machining process,2,['1st ed.' '']
modern microeconomics,Modern Microeconomics,2,['2nd ed.' '2nd']
modern operating systems,Modern Operating Systems,2,['2nd ed.' '3rd ed.']
modern physics for engineers,Modern Physics for Engineers,4,['1st ed.' '2nd' '4th ed.' '7th ed.']
modern portfolio theory and investment analysis,Modern Portfolio Theory and Investment Analysis,2,['5th' '7th ed.']
modern power electronics & ac drivers,Modern Power Electronics & AC Drivers,2,['1st ed.' '']
modern vlsi design,Modern VLSI design,2,['3rd ed.' '4th ed.']
molecular biology,Molecular Biology,2,['2nd rev.' '1st ed.']
"motor vehicles act, 1998","Motor Vehicles Act, 1998",2,['1st ed.' '']
multi carrier digital communications: theory & applications of ofdm,Multi carrier digital communications: theory & applications of OFDM,2,['2nd ed.' '1st rep.']
multimedia making it work,Multimedia Making it Work,4,['4th ed.' '' '1st ed.' '5th ed.']
multimedia systems,Multimedia Systems,4,['4th rep.' '6th rep.' '1st ed.' '6th ed.']
multimedia: making it work,Multimedia: Making it Work,2,['1st' '6th']
narada purana,Narada Purana,2,['3rd' '']
network analysis,Network Analysis,4,['3rd ed.' '1st ed.' '' '3rd']
network analysis & synthesis,Network Analysis & Synthesis,3,['2nd' '1st ed.' '']
network analysis and synthesis,Network analysis and synthesis,5,['1st ed.' '5th ed.' '' '2nd ed.' '1st']
network security essentials,Network Security Essentials,2,['7th ed.' '1st ed.']
networks and systems,Networks and Systems,2,['1st ed.' '1st']
neural network,Neural Network,2,['2nd ed.' '1st ed.']
neural network fundamentals with graphics,Neural Network Fundamentals with Graphics,2,['1st ed.' '2nd ed.']
"neural networks,fuzzy logic and genetic algorithms","Neural Networks,Fuzzy Logic and Genetic Algorithms",3,['1st ed.' '1st' '']
neuro fuzzy & soft computing,Neuro Fuzzy & Soft Computing,2,['1st ed.' '']
neuro-fuzzy and soft computing : a computational approach to learning and machine intelligence,Neuro-Fuzzy and Soft Computing : A Computational Approach to Learning and Machine Intelligence,2,['1st ed.' '']
non- conventional energy resources,Non- Conventional Energy Resources,2,['1st ed.' '2nd ed.']
numerical examples in physics,Numerical Examples in Physics,2,['1st ed.' '']
numerical mathematical analysis,Numerical Mathematical Analysis,2,['6th ed.' '']
numerical methods,Numerical Methods,9,"['7th' '6th' '1st' '13th ed.' '6th ed.' '16th ed.' '1st ed.' '7th ed.'
 '22nd ed.']"
numerical methods for engineers,Numerical Methods for Engineers,2,['5th ed.' '1st ed.']
numerical methods for scientific & eng.computation,Numerical Methods for Scientific & Eng.Computation,5,['' '1st ed.' '3rd ed.' '3rd.rep' '4th ed.']
numerical methods in engg&science,Numerical methods in engg&science,2,['' '5th ed.']
numerical methods using matlab,Numerical Methods using Matlab,2,['4th ed.' '4th']
numerical problem in physics,Numerical Problem in Physics,2,['19th ed.' '']
object oriented programming in c++,Object Oriented Programming in C++,3,['5th ed.' '4th ed.' '3rd ed.']
object-oriented modeling and design,Object-Oriented Modeling and Design,2,['14th pri.' '1st ed.']
object-oriented programming in c++,Object-Oriented Programming in C++,3,['1st ed.' '13th pri.' '13th rep.']
object-oriented programming in turbo c++,Object-Oriented Programming in Turbo C++,2,['1st' '1st ed.']
object-oriented programming with c++,Object-oriented Programming with C++,2,['2nd ed.' '3rd ed.']
objective english : for competitive examinations,Objective English : For Competitive Examinations,2,['2nd' '3rd ed.']
objective general english,Objective General English,3,['rep.' '' '1st ed.']
objectives in electrical engineering,Objectives in Electrical Engineering,2,['revised' '1st']
objectives in electronics and telecommunication: question bank in electronics & telecommunication,Objectives in Electronics and Telecommunication: Question Bank in Electronics & Telecommunication,2,['revised' 'rev ed']
op-amps and linear integrated circuits,Op-Amps and Linear Integrated Circuits,3,['4th ed.' '4th' '3rd ed.']
operating system,Operating System,3,['15th rep.' '1st ed.' '']
operating system concepts,Operating System Concepts,2,['6th ed.' '1st ed.']
operating systems,Operating Systems,6,['2nd' '2nd ed.' '1st rep.' '4th ed.' '5th ed.' '1st ed.']
operation management,Operation Management,2,['4th ed.' '9th ed.']
operation research,Operation Research,2,['1st ed.' '']
operation research : an introduction,Operation Research : An Introduction,2,['6th ed.' '7th ed.']
optical communication,Optical Communication,3,['1st ed.' '1st' '']
optical communication systems,Optical Communication Systems,2,['2nd' '2nd ed.']
optical electronics,Optical Electronics,2,['1st rep.' 'reprint']
optical fiber communication,Optical Fiber Communication,3,['2nd ed.' '2003' '1st ed.']
optical fiber communications,Optical Fiber Communications,2,['3rd ed.' '2nd ed.']
optical systems and processes,Optical Systems and Processes,2,['1st ed.' '']
optics,Optics,6,['2nd' '' '13th rep' '3rd' '5th ed.' '1st ed.']
oracle pl/sql programming,Oracle PL/SQL Programming,2,['1st ed.' '']
organic chemistry,Organic Chemistry,3,['15th rev' '1st ed.' '6th']
organisational behaviour,Organisational Behaviour,4,['10th ed.' '2nd ed.' '4th ed.' '3rd ed.']
organizational behavior,ORGANIZATIONAL BEHAVIOR,2,['10th ed.' '10 ed.']
oxford advanced learner's dictionary,Oxford Advanced Learner's Dictionary,2,['6th' '7th ed.']
padma purana,Padma Purana,2,['3rd' '']
pass combridge bec preliminar ; student books,Pass Combridge BEC Preliminar ; Student Books,2,['1st ed.' '']
personnel management,Personnel Management,3,['3rd' '6th' '2nd ed.']
personnel mangement,Personnel Mangement,2,['24th' '23rd']
perspectives in environmental studies,Perspectives in Environmental Studies,2,['1st ed.' '2nd']
physical chemistry,Physical chemistry,4,['1st ed.' '7th ed.' '5th' '4th']
physics mcq,Physics MCQ,2,['1st ed.' '4th']
physics of semi conductor devices,Physics of semi conductor devices,2,['2nd' '']
physics of semiconductor devices,Physics of Semiconductor Devices,5,['1st rep.' '3rd pri.' '1st' '2nd' '1st ed.']
pic microcontroller & embedded systems,PIC Microcontroller & Embedded Systems,2,['1st ed.' '2nd imp.']
plain & reinforced concrete vol.1,Plain & Reinforced Concrete Vol.1,2,['8 rep.' '8th ed.']
power electronics,Power Electronics,5,['3rd' '19th rep.' '1st ed.' '1st' '2nd ed.']
"power electronics : circuits,devices and applicat.","Power Electronics : Circuits,Devices and Applicat.",2,['2nd' '3rd']
power electronics and its applications,Power Electronics and its Applications,3,['1st' '1st ed.' '']
power plant engineering,Power Plant Engineering,4,['1st ed.' '6th ed.' '2nd' '3rd ed.']
power system protection & switchgear,Power System Protection & Switchgear,2,['1st ed.' '']
power system switchgear and protection,Power System Switchgear and Protection,2,['1st ed.' '']
practical english usage,Practical English Usage,2,['2nd' '5th rep.']
practical non- destructive testing,Practical Non- Destructive Testing,2,['2nd ed.' '2nd']
practical signal processing,Practical Signal Processing,2,['1st ed.' '']
presentation skills,Presentation skills,2,['2nd ed.' '1st']
principles & practice of management,Principles & Practice Of Management,2,['1st rep9' '1st ed.']
principles and practice of highway engineering,Principles and Practice of Highway Engineering,2,['1st ed.' '']
principles and practice of management,Principles and practice of management,4,['rev ed' '7th ed.' '1st ed.' '9th ed.']
principles of artificial intelligence,Principles of Artificial Intelligence,2,['9th rep.' '10th rep.']
principles of cmos vlsi design,Principles of CMOS VLSI Design,2,['7th rep.' '2nd ed.']
principles of communication systems,Principles of Communication systems,2,['2nd ed.' '3rd ed.']
principles of compiler design,Principles of Compiler Design,3,['1st' '' '1st ed.']
principles of corporate finance,Principles of corporate finance,3,['6th' '6th ed.' '7th ed.']
principles of digital communication,Principles of digital communication,2,['1st' '1st ed.']
principles of economics,Principles of Economics,2,['9th ed.' '2nd ed.']
principles of electromagnetics,Principles of electromagnetics,2,['1st ed.' '4th ed.']
principles of information systems: a managerial approach,Principles of information systems: a managerial approach,2,['1st ed.' 'india ed.']
principles of interactive computer graphics,Principles of Interactive Computer Graphics,2,['2nd ed.' '']
principles of management,Principles of Management,2,['1st ed.' '5th ed']
principles of manufacturing materials and process,Principles of Manufacturing Materials and Process,2,['21 rep.' '22nd ed.']
principles of marketing,Principles of Marketing,4,['1st ed.' '10th' '11th ed.' '12th ed.']
principles of marketing and salesmanship,Principles of Marketing and Salesmanship,2,['20th' '1st']
principles of physical chemistry,Principles of physical chemistry,2,['1st ed.' '1st']
principles of soft computing,Principles of Soft Computing,2,['1st ed.' '2nd ed.']
probability and random processes with applications to signal processing,Probability and random processes with applications to signal processing,2,['3rd ed.' '3 ed.']
probablity and statistics for engineering,Probablity and Statistics for Engineering,2,['5th' '6th']
"probablity, random variables & stochastic process","Probablity, Random Variables & Stochastic Process",2,['3rd' '4th ed.']
procedural elements for computer graphics,Procedural Elements for Computer Graphics,2,['2nd' '2nd ed.']
process control instrumentation technology,Process Control Instrumentation Technology,2,['7th ed.' '1st']
processes and materials of manufacture,Processes and Materials of Manufacture,2,['4th ed.' '4th']
production and operation management,Production and operation management,3,['1st ed.' '' '2nd ed.']
production and operations management,Production and operations management,4,['2nd' '1st' '3rd ed.' '5th ed.']
professional ethics and human values,Professional Ethics and Human Values,2,['1st ed.' '']
programming and problem solving through c,Programming and Problem Solving Through C,2,['1st' '']
programming in ansi c,Programming in ANSI C,2,['3rd' '1st ed.']
programming language---implementation,Programming language---implementation,2,['3rd ed.' '']
programming languages,Programming Languages,2,['1st' '2nd ed.']
programming languages : design and implementation,Programming Languages : Design and Implementation,2,['4th' '2nd']
programming with c,Programming With C,4,['13th rep.' '1st' '2nd' '1st ed.']
programming with c++,Programming with C++,2,['2nd ed.' '2nd']
programming with java,Programming with Java,3,['1st ed.' '2nd ed.' '2nd']
programming with java a primer,Programming With Java A Primer,3,['2nd. rep' '2nd' '3rd']
project management,Project Management,2,['3rd. ed.' '1st ed.']
project planning and control with pert & cpm,Project Planning and Control with PERT & CPM,2,['1st ed.' '4th ed.']
quantitative methods,Quantitative Methods,4,['3rd ed.' '3rd' '3rd rev.' '4th ed.']
quantitative techniques in management,Quantitative Techniques in Management,2,['2nd ed.' '1st']
radar foundations for imaging and advanced concept,Radar Foundations for Imaging and Advanced Concept,2,['1st' '1st ed.']
real analysis,Real Analysis,2,['3rd ed.' 'indian ed.']
real complex analysis,Real Complex Analysis,2,['3rd ed.' '1st ed.']
real-time computer control,Real-Time Computer Control,2,['1st ed.' '2002']
red hat linux 6,Red hat linux 6,2,['1st ed.' '']
refrigerant tables & charts including air conditioning data,Refrigerant Tables & Charts Including Air Conditioning Data,2,['1st' '1st ed.']
refrigeration and air conditioning,Refrigeration and Air Conditioning,3,['2nd' '2nd ed.' '14th ed.']
reinforced concrete design,Reinforced Concrete Design,2,['3rd ed.' '1st ed.']
renewable energy sources and emerging technologies,Renewable energy sources and emerging technologies,2,['2nd ed.' '1st ed.']
renewable energy: power for a sustainable future,Renewable Energy: power for a sustainable future,2,['3rd ed.' '1st ed.']
robotics & control,Robotics & Control,2,['4th ed.' '1st ed.']
robotics technology & flexible automation,Robotics technology & flexible automation,2,['1st ed.' '2nd ed.']
sales force management,Sales Force Management,2,['9th ed.' '1st ed.']
satellite communication,Satellite Communication,2,['1st' '4th ed.']
satellite communications,Satellite Communications,4,['5th ed.' '2nd' '1st ed.' '6th']
schoum's outlines set theory ...topics,Schoum's Outlines Set Theory ...Topics,2,['2nd ed.' '']
security in computing,Security in Computing,3,['4th' '1st ed.' '4th ed.']
sensors & transducers,Sensors & Transducers,2,['1st' '1st ed.']
sensors and transducers,Sensors and Transducers,4,['2nd' '2 nd ed.' '2002' '3rd ed.']
shiv purana,Shiv Purana,2,['3rd' '']
signal & systems,Signal & Systems,2,['3rd ed.' '']
signal and systems,Signal and Systems,2,['2nd' '3rd']
signals & systems,Signals & Systems,2,['1st ed.' '']
signals and systems,Signals and Systems,6,['2nd' '1st' '5th' '1st ed.' '' '2nd ed.']
signals system,Signals System,2,['1st' '3rd']
silicon vlsi technology,Silicon VLSI Technology,2,['1st ed.' '']
simulation modeling and analysis,Simulation Modeling and Analysis,2,['3rd' '4th ed.']
skanda purana,Skanda Purana,2,['3rd' '']
social psychology,Social Psychology,3,['9th' '2nd' '10th']
sociology,Sociology,2,['4th' '5th']
software engineering,Software Engineering,8,['5th' '6th' '1st' '2nd' '7th' '3rd' '3rd ed.' '1st ed.']
software engineering: a practitioner's approach,Software Engineering: A Practitioner's Approach,2,['7th' '1st ed.']
software project management,Software Project Management,5,['1st' '3rd' '4th' '4th ed.' '1st ed.']
software project management in practice,Software Project Management in Practice,2,['1st ed.' '']
soil mechanics & foundations,Soil Mechanics & Foundations,2,['rev. ed.' '']
soil mechanics in engineering practice,Soil Mechanics in Engineering Practice,2,['3rd ed.' '1st ed.']
solar energy,Solar Energy,2,['1st ed.' '']
solid mechanics,Solid Mechanics,2,['1st' '1st rev.']
solid state chemistry and itsl applications,Solid State Chemistry and itsl Applications,2,['1st ed.' '']
solid state electronic devices,Solid State Electronic Devices,3,['5th' '4th' '6th']
solid state physics,Solid state physics,6,['1st' '' '3rd' '4th rep' '5th' '4th ed.']
spoken english,Spoken English,4,['2nd ed.' '1st' '1st ed.' '2nd']
statistical quality control,Statistical Quality Control,2,['7th.' '2nd rev.']
statistics for business and economics,Statistics for Business and Economics,2,['4th' '1st ed.']
strength of materials,Strength of materials,6,['1st ed.' '6th' '3rd' '1st' '4th ed.' '17th ed.']
strength of materials: in si units,Strength of materials: in SI units,2,['3rd ed.' '1st ed.']
strength of materials: mechanics of solids,Strength of Materials: Mechanics of Solids,3,['1st ed.' '' 'rev. ed.']
structured computer organisation,Structured computer organisation,3,['4th ed.' '' '5th']
students guide to income tax,Students Guide to Income Tax,2,['41 ed.' '42nd ed.']
surveying vol.1,Surveying Vol.1,4,['2nd ed.' '1st ed.' '17th ed.' '17 ed.']
surveying vol.2,Surveying Vol.2,2,['5rep.' '15th ed.']
switchear protection and power systems,Switchear Protection and Power Systems,2,['1st ed.' '']
system analysis & design methods,System Analysis & Design Methods,2,['7th ed.' '7th']
system analysis and design,System Analysis and Design,2,['4th ed.' '2nd']
system programming,System Programming,2,['1st ed.' '']
system programming and operating systems,System Programming and Operating Systems,2,['12th rep.' '2nd']
system simulation,System simulation,2,['2nd ed.' '2nd']
system software:: an introduction to systems programming,System Software:: An introduction to systems programming,2,['3rd ed.' '1st ed.']
systems programming,Systems Programming,2,['1st' '1st ed.']
tcp/ip network administration,TCP/IP NETWORK ADMINISTRATION,2,['1st ed.' '']
tcp/ip networking administrations,TCP/IP Networking Administrations,2,['1st' '3rd']
teach yourself ...html in a week,Teach yourself ...HTML in a Week,2,['1st' '']
teach yourself java 2 platform,Teach yourself Java 2 Platform,2,['1st' '']
teach yourself visual basic 5 in 21 days.,Teach Yourself Visual Basic 5 in 21 days.,2,['4th' 'prof.ref.']
technical communication: principles and practice,Technical Communication: Principles and Practice,2,['27th rep.' '1st ed.']
technology of computer---manufacturing,Technology of computer---manufacturing,2,['1st' '']
telecommunication switching systems and networks,Telecommunication Switching Systems and Networks,3,['1st' '21' '']
testing your c skills,Testing Your C Skills,2,['1st' '2nd']
text book of electrical technology,Text book of electrical technology,2,['1st' '']
text book of engg. physics,Text book of engg. physics,2,['1st ed.' '']
text book of optics,Text Book of Optics,2,['1st' '']
text book of physical chemistry,Text book of physical chemistry,3,['22nd' '' '22nd rev']
text book of production technology,Text book of production technology,3,['1st ed.' '1st' '']
textbook of ecology,Textbook of Ecology,2,['1st ed.' '']
textbook of railway engineering,Textbook of Railway Engineering,2,['1st ed.' '']
the 8051 microcontroller and embedded systems,The 8051 Microcontroller and Embedded Systems,2,['9th rep.' '1st ed.']
the c++ programming language,The C++ Programming Language,2,['4th rep.' 'special.']
the design of the unix operating system,The Design of the Unix Operating System,5,['23rd pri.' '3rd rep.' '1st ed.' '1st' '']
the essence of solid-state electronics,The Essence of Solid-State Electronics,2,['1st.' 'rep.']
the intel microprocessors 8086/8088,The Intel Microprocessors 8086/8088,2,['4th ed.' '']
theory & applications of digital signal processing,Theory & Applications of Digital Signal Processing,2,['17th pri.' '1st']
theory & problems of electronic communication,Theory & Problems of Electronic Communication,2,['1st ed.' '']
theory and applications of automatic controls,Theory and Applications of Automatic Controls,3,['1st ed.' '1st' '2nd ed.']
theory and problems of computer graphics,Theory and Problems of Computer Graphics,2,['1st ed.' '1st']
theory and problems of data staructures,Theory and Problems of Data Staructures,2,['1st' '6th rep.']
theory and problems of discrete mathematics,Theory and Problems of Discrete Mathematics,2,['2nd ed.' '']
theory of computation,Theory of Computation,2,['1st' '2nd ed.']
theory of computer science,Theory of Computer science,2,['3nd' '3rd']
theory of elasticity,Theory of Elasticity,2,['3rd' '3rd ed.']
theory of machine,Theory of Machine,2,['1st rev' '1st.rev.']
theory of machines,Theory of machines,5,['1st ed.' '1st rep.' '3rd' '1st' '2nd']
theory of machines and mechanisms,Theory of Machines and Mechanisms,3,['25 ed.' '25rep.' '1st ed.']
theory of mechanisms and machines,Theory of Mechanisms and Machines,2,['3rd rep.' '1st ed.']
theory of vibration with applications,Theory of Vibration with Applications,2,['3rd' '5th']
thermal engineering,Thermal Engineering,6,['23rd' '24th ed.' '6th' '7th ed.' '8th6th' '1st ed.']
thermodynamics,Thermodynamics,3,['1st' '5th' '1st ed.']
thinking in c++,Thinking in C++,2,['2nd' '6th']
thinking strategically,Thinking Strategically,2,['1st ed.' '1st']
thyristorised power controllers,Thyristorised Power Controllers,2,['rep.' '']
transducers & instrumentation,Transducers & Instrumentation,2,['12th' '2nd']
transducers and instrumentation,Transducers and Instrumentation,2,['10th pri.' '2nd']
transportation engineering: an introduction,Transportation engineering: an introduction,2,['3rd ed.' '1st ed.']
tunnel engineering,Tunnel Engineering,2,['1st ed.' '']
understanding pointers in c,Understanding Pointers in C,2,['1st' '4th ed.']
unified modeling language user guide,Unified Modeling Language User Guide,3,['1st' '1st ed.' '']
unix network programming,Unix Network Programming,2,['4th' '']
unix network......... programming vol.1,Unix Network......... Programming VOL.1,2,['18th rep.' '3rd']
unix programming environment,Unix Programming Environment,2,['1st ed.' '1st']
using visual basic 6,Using Visual Basic 6,2,['1st ed.' '']
vamana purana,Vamana Purana,2,['3rd' '']
varaha purana,Varaha Purana,2,['3rd' '']
vaya purana,Vaya Purana,2,['3rd' '']
vector mechanics for engineers,Vector mechanics for engineers,2,['8th' '1st ed.']
vhdl analysis and modeling of digital system,VHDL Analysis and Modeling of Digital System,2,['1st ed.' '2nd']
vishnu purana,Vishnu Purana,2,['3rd' '']
visual basic .net programming,Visual Basic .Net Programming,2,['1st ed.' '']
visual c ++ 6,Visual C ++ 6,3,['7th rep.' '7th ed.' '7th']
visual c++ 6.0,Visual C++ 6.0,2,['9th rep.' '1st']
visual c++ programming,Visual C++ Programming,2,['2nd' '1st']
visual c++5----reference,Visual c++5----reference,2,['1st' '']
visual modeling with rational rose 2002 & uml,Visual Modeling with Rational Rose 2002 & UML,3,['3rep.' '2nd' '2ed']
vlsi design,VLSI Design,2,['1st' '2nd']
vlsi technology,VLSI Technology,2,['2nd' '1st']
vlsi: design techniques for analog & digital circuits,VLSI: Design Techniques for Analog & Digital Circuits,2,['1st ed.' '']
waste water treatment,Waste Water Treatment,2,['2nd' '2nd ed.']
"water management: conservation, harvesting and artificial recharge","Water Management: Conservation, harvesting and artificial recharge",2,['1st ed.' '']
wireless & mobile communication,Wireless & Mobile Communication,2,['1st ed.' '1st']
wireless & mobile network architectures,Wireless & Mobile Network Architectures,2,['1st' '1st ed.']
wireless communicaiton: principles and practice,Wireless communicaiton: principles and practice,2,['2nd ed.' '2nd']
wireless communication,Wireless Communication,4,['2nd ed.' '1st' '' '2nd']
wireless communication & networking,Wireless Communication & Networking,2,['5th' '1st ed.']
wireless communication: principles and practice,Wireless Communication: Principles and Practice,2,['2nd' '2nd ed.']
wireless communications,Wireless communications,3,['2nd ed.' '1st ed.' '']
wireless communications and networks:: 3g and beyond,Wireless Communications and Networks:: 3G and Beyond,2,['1st ed.' '']
wireless communications: theory & techniques,Wireless communications: theory & techniques,2,['1st ed.' '']
wireless digital communication,Wireless Digital Communication,3,['8th pri.' '1st' '1st ed.']
wireless network evaluation,Wireless Network Evaluation,2,['1st' '']
"wireless sensor networks: technology, protocols, and applications","Wireless sensor networks: technology, protocols, and applications",2,['2nd ed.' '1st ed.']
word power made easy,Word Power Made Easy,2,['1st ed.' '']
working with visual logic:: a user's guide,Working with Visual Logic:: a user's Guide,2,['1st' '']
working with words,Working With Words,2,['14th' '14th rep.']
workouts in intermediate microeconomics,Workouts in Intermediate Microeconomics,2,['5th ed.' '6th']
workshop technology : manufacturing process,Workshop Technology : Manufacturing Process,2,['3rd ed.' '1st ed.']
workshop technology: manufacturing process,Workshop technology: manufacturing process,3,['2nd ed.' '2nd' '1st']
